vmax_pdh	vmax_pdc	vmax_ack	vmax_pyk	km_pdh_nad	km_pdh_nadh	km_pdh_acetylcoa	km_pdh_coa	km_pdh_co2	km_ack_pi	km_nox_nad	k_nox_nis	k_o2	Obj.Func
40.0	0.1	40.0	70.0	0.1	22.0	45.0	0.1	24.76	35.0	14.51	19.35	40.0	537.396255901009
26.929915018699734	33.0968658819374	42.244336374337024	47.43920829111549	0.5646121960412632	44.511650036902196	63.14186957249903	1.661530266408267	21.81497415114228	56.29910252263398	39.85389535223582	45.73159447241383	60.07219457096547	318.8939719849234
26.93508586525846	32.65034069539883	42.17813508218116	47.17302393907463	0.47606928690763073	44.950193751671534	63.5298800042196	1.9306931152764597	21.467667832994955	55.84469048600467	40.34902086372259	45.43498567684342	60.124586191186616	317.15583952318167
27.297984738213543	33.07176098657046	42.08362588751451	47.29932180038069	0.2598417671272439	44.980491530501745	63.2370766190165	1.625696664979802	21.32304403138744	56.03029533623383	40.21926149951423	45.27391781933997	60.57206841312034	313.8192818273434
27.743834882228665	33.483320131342325	42.19738894593924	46.95862975347627	0.345785070991163	45.30972881690195	63.50505314232473	1.8220438764894435	21.440888690088723	55.83682527447618	40.63370800847383	45.04134524280565	60.52612291593378	312.36271224600307
26.336327639961176	27.75930394538205	34.929981349406496	41.93640729796069	0.25823742049016846	44.635642590534246	62.058039695181904	0.783560990672866	24.300501569869205	59.805495907520054	45.252263722442095	34.84723009212514	60.70362781628934	238.03921282033966
24.186083095232153	26.47383659488949	33.50043484512361	41.7670994867583	0.19830457721987907	42.42315050533849	58.853799209384086	1.2896025446994215	23.76234326237762	56.778617797095336	42.96653417196813	32.041665655442145	56.372368200628294	187.74938400904523
23.986131313192832	26.859343097830592	33.461319227882285	42.18677263806849	0.41457746353332675	42.79829304832535	59.029620998725036	1.7599977076072029	23.606494558695825	56.597151262734705	43.21860159738882	31.85232395721156	56.66297267959886	198.05852725125533
19.971280021455247	32.51334087088459	29.302789452664243	34.86163960433973	0.012961580319759492	43.00464995479412	55.33565866676	1.0474412457940923	25.020432895866442	53.03445072639486	43.92157400344682	28.061695155374768	59.76013403207484	167.31493309606208
19.819113810038814	32.510925105752	29.684713911923783	34.99988846239673	0.2985621785894549	43.44152681103387	54.86774591557906	1.2725916118241924	25.20367204366629	53.102248102148216	44.17897788098089	27.6350944322209	60.19731063443293	179.722015899723
16.08480212856567	18.990986344895422	28.4685471824887	30.080991239851404	0.032965485760914105	34.940979187917854	49.34898669434352	0.11737670778727444	16.25548822542784	42.78649526681323	41.05677411106553	11.838168532618955	53.84975205631089	56.46565971972036
16.617638195124393	19.369986611007995	30.967649935798246	33.909751290968984	4.975506212158136e-05	30.646229929617505	49.1867939634906	0.275473192615991	13.729753429683713	36.45281976316476	40.563265076722466	14.538773548198915	56.1679406751954	58.84167868662567
16.553261706382767	18.496089117641127	28.73351688023369	30.058448905427067	1.0028167988105613e-05	35.232111862450566	49.51488678972132	0.2584540629376431	16.221266741057214	42.25329333561635	40.66619015898145	12.26702265754139	53.97098417051266	57.21872908721477
15.90424884477289	18.508920821097288	28.597399473606835	29.62256907098691	0.21475768727668093	35.14008869279939	49.632629690164414	0.01000031500469158	16.223869117152486	42.58022814230535	41.2505818930954	11.4338569269771	53.40121163029212	56.64378571465751
16.346258002782157	18.526495910733477	28.819514849686325	29.78216206784839	0.27487353074502224	34.58969025190209	49.35849519133965	0.1778287044205451	16.419826432278875	42.809421495203075	40.757415069584134	11.938878915800194	54.13441294666167	60.79620859154171
15.839691161017722	19.48763888213043	28.67187057988027	30.06449275404417	0.49401825478218037	35.33017097233443	49.38528531767136	0.4648198016394004	16.00961250817489	43.25470053739546	41.4090591973989	11.723703229329422	53.41942493654379	98.86769439227172
16.557661470567204	19.195281284114852	28.593932790639478	29.87483564060875	0.0331073831819272	35.47594384558737	49.5029014180284	0.1751819079239573	16.706734478914434	43.192307655424706	42.883096530913484	11.787979272778824	54.20410246872782	56.70432870393972
16.545982481117925	19.103578582304948	28.444373512014945	30.481786078121505	0.40601176888779816	34.66755626455012	49.74233596551501	0.01848649610764968	15.88676048946282	43.05522766352788	40.71810536281408	11.932180413096429	54.0606669636944	56.9327066098089
16.54099111229545	18.738430547550767	28.75483070326355	29.867913658410792	0.09683742479412799	34.91984866166403	49.83506523308169	0.1114858759922811	16.086052907745962	42.8759194229647	41.21483041195534	12.086590625811702	53.91647152782396	56.70144178096695
14.024935157166183	12.82315969716239	23.785874995287035	26.075423811972303	1e-05	31.950793552588785	49.54624683201538	0.01	11.661756097729326	39.49797289563852	42.76743174746024	11.010387572191403	51.29673420105592	57.19812877166464
19.09807178356926	21.75423716174856	30.994627881850302	30.088074391687744	0.13554325947901966	35.00484006293017	51.31470761591993	0.40030299421044774	17.33331172423808	44.453941291135315	40.91860276025067	13.733862752427227	54.980626208445386	61.65798236874594
15.84484389101433	19.175750660743137	28.011200777365808	29.84378315980113	0.2631947594459469	34.49556305143509	49.089691230371706	0.010000014326785028	16.41606885396587	42.60756601622305	40.58860781388184	11.81864478143704	54.278358265836445	56.824179428521084
16.04301089145917	18.940343656947032	29.19688741382138	30.124144114084615	0.253252125512712	34.297535556564945	48.89482793359647	0.020416451340636365	16.333609583507	42.35922272969883	41.36871859322624	11.782133150709392	52.94937076169314	56.65532371000782
15.632405835689019	18.864191036976973	28.170104180411357	29.584036040073947	0.42949990252874015	34.77830552528635	49.17580906929465	0.01	16.539705225728813	42.97534782307612	41.02796074853252	11.776933150737891	53.67081753357796	58.088130768132686
18.18239041282229	20.13858326062541	29.71157843138393	29.960321823189624	0.4505982642059159	36.60753228829108	49.9438423602026	0.36692476411703423	16.171224371346202	42.1269311599635	40.800792407908084	13.864468119459051	54.97256103972955	69.64860844794697
15.556156963776006	18.6777661233483	28.134632321829375	29.561857241448795	0.025614955979829056	35.172551884548135	49.52282586065397	0.08946071441282127	15.74135337344774	42.49132686490871	40.68072090121424	11.866191678867581	53.63359888062998	56.53243554522561
15.84684206052828	18.163454351294515	29.577004566284668	29.939293892051584	0.02571083740701053	36.46022753689946	49.852453796805655	0.13824846280363506	15.171785977824298	43.31794546041757	41.28429240830408	11.955552112858836	52.80050027531219	56.48582758562197
15.76130473761062	18.570085230065164	29.564321337774874	30.39995840693022	0.023343946305722073	36.17956187433605	49.75949619187789	0.1112357751134042	15.231795365480837	43.71080381269243	41.748680430524004	12.321052846492327	52.4539319792614	56.44470304597948
16.236555880723174	18.300290430912977	29.75998867467004	30.60952218343827	0.27487355762296134	36.405643680634036	49.84280689900332	0.5527911952568626	14.8786265642232	43.789323530482555	42.127194014961624	12.091954058211446	52.474280588143074	89.00805760837852
15.757191081385795	18.45518538494224	29.265815254009244	30.68809655199258	0.2158783002968571	35.84132155346293	49.635045867720585	0.030144355098995986	14.871627635186426	43.21969417616523	41.76398566035014	12.170050187089018	52.67068126852563	56.56443298002831
17.73942555673036	18.522156773794332	29.02154740253523	30.153779965940913	1.0001553661940103e-05	36.32912440951352	48.13427506210838	0.5453672856823621	15.00364497308856	42.247772397307855	41.60523684666391	14.710403513477502	51.024410113617996	64.74976281907581
15.440669599813194	18.844694443522123	29.983924700058317	30.078392409706606	0.4080402357861089	36.64099510016614	49.44048248587159	0.5495455212863096	15.371395134942725	43.80087017080593	41.29137703684775	12.393201254934652	52.41340441276154	102.74237038413256
15.344648121291804	18.40871003629603	30.021030990142123	30.56423435053788	0.006723759775572367	36.33061716893165	49.25735067952065	0.15646300411466244	15.272244337965821	43.32680981321628	41.640905655971174	12.510167014871541	52.384511211132846	56.85405098738394
15.637239737432262	18.339287460769945	29.585460874076503	30.177268634403042	0.18803250088769027	36.295393438798506	49.35679698238632	0.05060959088667503	14.89905285905792	43.34828935633245	41.48511487627947	12.761764167642154	51.99938898309071	57.34399090912413
15.789720660195849	18.190953797465383	30.48938103489081	30.41036338891165	0.3419784420417836	36.23871091820695	48.88252314655494	0.01	14.891712083836405	43.45522676126608	41.45319617316834	12.453732594184642	51.92593396139111	57.10326095253704
15.197694714283049	17.91015627923499	30.52003759263893	30.872116833225544	1e-05	36.55621376730998	49.72152897043921	0.1347049858744929	15.192338635058826	43.66084431267158	41.32401412171863	12.477070593411135	52.69750195689331	56.35517947939418
16.852975156746943	18.114196230869048	29.02983193075586	31.886928906297875	0.0723285634740591	33.79370165850185	47.307661719520915	0.17429757413273297	15.93958109210992	42.52241412301952	40.7193959791147	12.83152399648589	51.19067203196513	56.454253882951214
15.217153132023569	18.812488106434017	30.145619408167857	30.802736211670783	1.0000889633422767e-05	36.17183625863123	48.76161662729307	0.010000004439315173	14.860910457046208	43.789599421003565	41.991674675561704	12.139446028802311	52.60539153020048	57.62246825837353
14.982423318588452	16.270919295571872	30.15434287803938	30.00363902194624	0.12170776311747715	36.69343273081605	48.925533317512254	0.041325953051637984	14.804818140363686	42.195849485642896	41.00789154174153	12.769341428950009	52.355994635681206	56.58170378411207
14.837776955058201	0.00010009710025609267	34.120049258304675	47.74161952520163	1.0004836575778586e-05	41.61901554955941	73.74168979031252	0.38476482061768685	5.470376214998185	44.66118250071498	48.448076710073316	16.034388441990284	84.3998099689678	47.067995896374484
14.47989562880746	0.3988926455882762	33.70800828435614	48.07391604309839	1.00032740378173e-05	41.247661841985135	73.98636528313685	0.4044438212980854	4.988877496992326	44.83818325995147	48.94296408416377	15.916982797882453	84.19201975462795	48.82914599976252
17.490047679685652	1.4336949382166952	31.904884493200107	46.75453857959132	1e-05	42.450850932231944	75.96400790057245	0.7593702296203791	7.499428793122196	50.17669454447664	48.870908065071625	19.148414958268564	81.48557499555622	49.670394355564966
14.609500480145059	0.000100000309833656	33.870992467219175	47.38125593277913	1.0007290569026328e-05	41.18346563168981	74.19339704989818	0.010000006805121656	5.417031687126945	44.259124623128535	48.05496584859891	16.51253842068561	84.3115357374302	60.51152167296587
14.652337958661008	0.06593446837583568	33.94657714354189	47.3491563063991	0.10905296729072333	41.63144120804665	73.4093964428325	0.23607236530601292	5.478324535997366	44.92767814656406	48.116483908520784	16.209523115774267	84.3949421392699	46.832821565807286
14.686317126221098	0.34917322215627233	33.582880755032264	47.53394377671022	1e-05	41.599385882488946	73.07816675962655	0.5441755258565459	5.179994200344154	44.65434494930714	47.63346777330265	16.690038912523335	83.93039651811864	50.43728229484839
14.326642165560871	0.05751269451484191	34.33279243701316	47.07319873382885	1.0133090512231427e-05	41.41691610100111	73.42736954404246	0.2829077413229799	5.089618717104358	44.82224697906496	48.606619391824935	16.334644704804877	84.71339702376892	46.057382730448055
14.50968988427494	0.5372385553994216	33.87016545135738	47.13195341719517	0.3724299552673251	41.207751005226235	73.23733188826779	0.1371434131899993	4.8374224044123535	44.84637307805456	48.73977894046199	16.573428638855386	84.72842003784136	48.20662006094594
13.944390916838193	0.17076434198279133	35.57715637583618	46.776709323004276	0.23300969702315208	40.3754654728722	72.04265431910393	0.17826343800275923	6.108655215675961	45.567765367209155	49.78335548109547	17.641433417348832	84.67276324626974	47.13957589640299
13.794147526822687	0.32770207236627114	34.17868943068866	47.019126922067116	1.0080411119520702e-05	41.513593524670846	73.27209719607336	0.24768173664225937	5.341639009839403	44.37872042458862	49.106820819455166	16.802981147146923	84.8691009266297	45.956517384395184
14.572032004008022	0.5383396207451389	34.023647310310366	46.89196587475132	0.2778698396392648	41.605237217449556	73.82953562930305	0.22390912253375178	5.967194258179191	45.28785454724521	49.047340563378405	17.156030521777954	84.73382326107881	48.021717276877595
14.972116284095524	0.9031503078032679	34.04286665881991	47.100488676635244	1e-05	41.82627742353708	73.46756934554642	0.019886150464881208	5.713337713647051	45.35859428874224	49.21846739889016	17.3514421285567	84.88942759229084	65.91972123283416
14.499717273269713	0.491487315750278	34.226290949367716	47.223572917391486	1.0060769594109775e-05	41.5526250366658	74.17619540752605	0.1728376900416233	5.812602884018834	45.512281340704114	49.04419331634703	17.211293335754842	84.83887570071794	49.144767254642275
14.762737404554654	1.6068583260804374	34.15445941277265	46.29330743705874	1.0005103260423285e-05	41.23954893414992	73.88694785810756	0.42517421701769614	7.788205524625596	46.614598270163505	49.274569700856254	18.77015416204231	85.73365384336853	49.23938179509521
14.737840890542826	1.6451023965810885	33.7115450166641	46.58654247604806	1.0000464902057597e-05	40.9684945098923	73.55863231746409	0.35724389691101965	8.099705825038951	46.94011167143649	49.57241742226835	18.457377065940918	85.50906677471785	48.893928926531295
14.46750898104904	1.6065169773678019	36.06066334722283	47.230065794307926	0.08277824143108344	41.42169726806851	73.80747742082677	0.42370936873409604	7.40764003563611	43.49689321351755	47.61627330299518	18.887899288988457	84.89563043306485	50.450115255283265
15.129317800727026	1.654353401889178	34.15195074248179	46.493618638114086	0.0028346413803050224	40.90018757778586	73.25968071081383	0.15252116572060528	8.222098275482008	47.35139037318215	49.58879943792713	18.049417811168013	85.66233922613917	56.65740618794872
14.71563543876848	1.984301180639505	33.64128967103891	47.00626947501182	1e-05	41.28610827708257	73.91611682220326	0.38301208560648276	8.20252728518728	46.855890486246764	49.503117661227805	18.730767969614195	85.24231104797668	49.67487681902323
14.118956954248025	1.7416300159863092	33.630037730632715	45.134044095487766	1e-05	41.0378524291277	73.24223516871626	0.33560670930219605	8.167002090648941	46.59808070455703	49.19400841097505	17.573850835192484	85.54698515727408	48.329169620111145
14.693786599263763	1.733482845715328	33.338738763172245	46.55242835246767	1.0000757269353689e-05	40.857643934135	73.14316712380351	0.7297448446434419	8.373638833905769	47.27866308981458	49.534056840237724	18.481221362169624	85.61335731962795	56.444225379176245
14.085645452421959	1.5062383662019798	34.52118956187976	46.02659866989508	0.05209962325299755	41.149955444172775	73.71812789369015	0.28806779608457694	7.92742274095694	45.23952910105567	49.073866381183976	17.41858636936377	85.88265709122915	48.03774379870104
14.843343341458299	1.5851707222523896	34.012431081423465	46.354065218528376	0.4164401894929008	41.15900910517413	73.83777170985825	0.24690581407041742	7.893769204107402	47.088013405692166	49.36102428973218	18.72979405620962	85.3112937826427	51.99836031959454
14.757100895109328	1.7698315919101577	33.74548837064547	46.69706194024578	0.4122013341962644	41.043936302708985	73.85356234085798	0.8043608572187501	8.115594311413156	46.49142015572387	49.15260742470885	18.28165008508074	85.4996438573761	79.86807796720544
15.100439416375433	1.4295628205446183	33.66134771403197	46.231980608412705	1.0000070940014125e-05	40.98274945346893	73.28177867569782	0.5253871594462238	8.501496448853873	46.76842751281242	49.73410650426576	18.373229473177798	85.57172994577422	49.112635441528425
13.51028733560764	1.8319735832046797	31.493304300074662	45.25167570484298	0.093760905082737	41.65928854573549	73.34185107728537	0.4778217081823014	7.426566963329527	45.84641269893225	49.356019995971174	18.372814090343187	83.24199691889272	56.18623640166331
14.88210804720879	1.7456789963788042	33.438744373771016	46.22869311622274	0.0023639506908663117	40.52389179921207	73.7498553345861	0.37731930460953556	7.926792737281201	46.52064964672663	49.48101299617535	17.89377701896309	85.99864177743117	48.272130531114954
14.063631668869021	1.1904987870482873	32.733931681208624	45.19352775709793	0.161714600310206	39.65178353939318	71.41822309347354	0.20654111719701765	8.491150302212146	45.59263704746729	48.411640507092336	17.943324561993634	83.32658945367231	48.958429142951424
15.165074644301194	2.094447729606114	33.79453822006154	46.302067975056424	0.429803243107727	40.61140315904205	73.871645130617	0.0123180016291503	8.492701725156168	46.49463429393955	49.40852343801503	18.333678977677977	85.7531898721597	60.86722816820405
16.10973209589675	2.6327778048533594	34.00357781185919	46.665617156881595	0.1666940027596182	40.51811898491227	73.8393551075173	0.4419039912637236	8.584515881486439	47.72294968717137	50.75940816361616	20.09266051646875	84.64588586577355	55.84640926197704
14.558957953182725	2.0859406247430115	33.78211820448407	46.2836014806539	0.19831517936757834	40.74780325459751	73.77926236406395	0.2593187809612423	8.122654038858784	46.740226435427026	49.51996063144358	18.04045988077691	85.23524063090922	50.33907573102802
14.787786538177958	1.8216221315273344	33.78131068785337	46.635386927242386	0.002217926150395226	40.64874369755582	73.27586223100936	0.39072232657243317	7.44082905472374	46.34066378739525	48.84707835278919	18.17543714752148	85.948741925244	48.59886329601694
14.06081878124713	1.024504474553495	29.18147788537783	44.58349980783177	0.04893542283118822	39.384954404886	65.46882231926455	0.19411518854716006	4.370827449236114	38.88191509870084	44.48498965241184	16.310214284824163	83.78841587278167	47.37968225953715
15.570032556090744	1.1783626598751817	33.78403210621933	45.86779648850646	0.02280119105774691	40.52511008320485	72.5615750492137	0.49907971840422766	6.68399852334659	47.89449526973834	49.43881231429293	18.783585573365528	86.2083497469501	48.82407086958989
14.694339005913417	0.18148918345143494	33.22925223768276	44.62448374192549	1.0000000003343685e-05	40.28518164934673	71.45780417530652	0.4685818840631382	6.782975042356615	46.091404424915794	48.844116945454466	18.688254769437748	84.74192837803808	46.93258024547397
14.593704408600676	0.365456902514047	32.747034962234366	45.0290140963332	0.09381582438021784	40.02613957026736	71.40228736486868	0.3861811378867119	7.00578271576846	45.9391634956698	48.83659790102985	18.601711005204375	84.44159881723884	47.99605714421842
15.074616806078286	0.0001	33.15789973836832	44.556063656634194	0.3418870264016822	39.94660870383037	71.33634149926098	0.8211607514345501	7.176727467809682	45.94808052324703	48.72537010443452	18.931779782721048	84.33570621156309	69.3309915820728
14.598924176815803	0.2948934817583099	33.74546472070566	45.864447790216836	1e-05	40.65634153310864	71.65305784515967	0.4595232287468483	6.7053230952344345	46.604465551648204	49.16341187160941	19.3754554506664	85.30514073003374	47.49502721636398
14.408949098052663	0.4252921357039085	33.65450888150558	46.12683627710801	1e-05	40.365336491086445	71.29479373717503	0.5947336605185122	6.960068179887411	46.9817033241139	48.915421654554144	19.094750499567866	85.06593627624319	49.86173733576129
14.36545943105449	0.3659879641203436	33.877304067996654	46.04190408876446	1e-05	40.435490693351085	71.45209621952914	0.780247514144878	7.048840892663452	46.79800085872392	48.847643658242234	19.3720103881695	85.66357858415414	55.46332401935237
15.040794024968966	0.0617153921769568	33.6497043887542	45.73777959991916	0.18701323425225294	40.2327620934375	71.41205117972851	0.7944682130624389	6.739406231486814	47.0480231161809	48.73541021246166	19.56594949433304	85.50801420825029	59.46732795057967
14.030490290823687	0.5602682103001692	34.03884254452408	45.85696260097036	0.08089493202428442	40.46570930125132	71.36177391263307	0.3219346972408644	6.7551731054893835	46.85542056726423	48.62828727272324	18.888434829269453	85.28780354583215	48.21459045903148
14.71993200278493	0.27219084705553753	33.8100480800981	45.510348473825566	0.040601390688724835	40.850861440980566	71.4870081147393	0.30967604011876826	6.528514531454397	46.92531986772723	48.7990192363253	19.15519426743776	85.29632968818196	48.679276975419114
14.586392162532116	0.6140555661807965	30.48716763755542	46.82565095874125	0.3496034010751624	37.31165054138183	64.54570936560935	0.6211981124933839	9.207817039868727	41.36286621013894	49.04590020437663	23.25917425105976	87.20016147335393	63.17793022757033
15.202486747209004	0.3727026114177059	32.654375475025944	44.29106884187196	1.005339904186014e-05	39.834662965159765	72.15274236190577	0.4787695126009719	6.7648413358658015	45.54715451639919	48.0402611762999	19.17905070147055	83.05785306056808	47.8736019145356
14.337076989765183	0.7178433379063728	34.062024818312594	45.906304037281785	0.13314099721621336	40.70519946142217	71.68275825941878	0.5917618295972028	6.263050719644422	47.01100363033705	49.5179582774966	19.35135348917612	85.62467585042228	55.10101092502261
14.468516980552218	0.6003345439023304	33.77407485324949	46.11468735447677	0.38220648587725414	40.95046757227006	71.21609217727791	0.3716012170989833	6.8971276011344465	46.7890147261851	49.445602149273626	19.649533204160868	85.16494139836888	53.210612073025224
15.803940125254528	0.19184582073706885	36.38319263717258	49.32339111561583	0.33391397639499665	43.10040931734869	71.81590881809126	0.40275091032326604	9.14400966565079	49.31047202300406	49.069550476003876	19.43008126054319	84.66376130923513	48.985935626247134
14.3332606086006	0.0001000565949459964	34.011377287729545	45.80809850175995	0.3881850894277388	40.68884985484519	71.56600937765263	0.2726308555216875	6.817704995120985	46.64263314501629	49.52792236259459	19.1807999605476	85.59074928762375	49.54077438365362
14.721923796824656	0.5191470009274655	33.840915287868754	45.70932661447105	1.0010507148083065e-05	40.805813017227266	71.47168159873617	0.47852187893550957	6.29344032265017	46.93930155324039	48.83742822629545	19.756891977174305	85.70799727205993	48.749556735199846
14.957713952200434	0.365781082362182	33.68470418749854	45.42344335849914	0.32539123400295367	40.50503877917664	71.82718336899882	0.2718358661972589	6.8548715528353705	46.80531712231788	49.10144552353861	19.35404045309039	84.87610652931046	50.388164653966
14.361311136705227	0.01876043622343171	33.7976495232039	45.85298401820885	0.4233299082475299	40.385866248337486	71.6348386179533	0.8380786833089104	6.315086448574315	46.988868101553855	48.922987114749795	19.6855347231362	85.60712978183578	75.34968545867116
14.349362610432234	0.033636610552995105	33.98737266122153	45.72712649256421	0.43815645285867566	40.986726553318015	71.47106211448508	0.37950539880634504	6.645710006491315	46.41298595610219	49.167648017390015	19.233231947615398	84.95600353842147	53.13051297444254
14.314563934174911	0.2528011267101173	33.68599603856226	46.263511779044805	0.4468390737189613	40.7440863701004	71.3534517441494	0.5312873041761292	6.722810241897683	46.589577483235686	48.76609010908521	19.697392161816488	85.71594025422624	60.132499824212275
14.169860537929292	0.5645738064013837	34.12169398875882	45.83686411078382	1e-05	40.534868645122074	71.54869840715567	0.44486444775978856	6.280479755909177	46.94086234748942	49.01680360081735	19.228899551715934	85.38408217873182	48.22080588542624
14.884051693260426	0.0001	34.148290365571526	45.98052979221437	0.045428333603987854	40.53126806128274	71.29552230684648	0.3964621958567711	6.809547795476755	46.235733095680516	48.8235962614564	19.38888038204059	85.564038638157	47.27035541419337
14.393896915619827	0.0804226066960815	34.140866698337675	45.73230334290692	0.31931945209553436	40.53527720744171	72.15653664591274	0.18025428355457232	6.328446188412304	46.80327699843183	49.03933835276149	19.682536416156537	85.13596290430021	51.04830717495023
14.242403199516357	0.2242325055434457	33.267693514541854	45.47247187399503	0.09078985632260851	40.68552106925789	72.03465340315888	0.38410046136399345	6.989575202305686	46.80819563916677	49.427324058719904	19.340775977810395	84.92788099875614	48.3425526727669
14.513002437089671	0.0001	34.08446280877998	45.560749870456576	1e-05	40.646345625558894	71.67988678134739	0.6433527836799549	6.928937814971698	46.78537532679635	48.781807745677355	19.440488182762973	85.00691402790689	49.43783914986115
13.660450646609172	0.00010895348187077012	32.286056540859164	45.58487836685228	0.304578542518324	39.52286844048146	69.17489296801135	0.13932532521216745	6.06345109214164	45.49574757417372	50.37804962761218	18.457061019553358	83.81409942894187	48.02599166391829
14.590317610114196	0.2372670070647665	35.5741608732794	47.93062916593903	1.0000000000002923e-05	40.72668578139838	75.39909661022308	0.3985358037660009	6.51841310833699	45.785199482815884	46.92472135150151	17.42224364154619	89.18464346696842	45.78029387419407
14.206441768854427	0.17061167669488406	31.76320551474107	44.989972409197534	1e-05	38.863320156814424	72.29712647805711	0.4624315899626584	5.805958578478491	46.25260178561305	48.52045015410598	18.55062889581869	85.21676279556132	47.36258449597781
14.132936778815816	0.31161107096881163	31.5690892467213	44.772550269754426	1.0173109340662352e-05	38.58714662286537	72.6045575050627	0.543748413720069	6.145813671829418	46.528012686468045	48.81046417387146	18.609359374693295	85.61510954639093	49.790839999355136
12.380895322138667	0.22079876790969616	27.68535585892832	39.02911075461895	1.0009440186664036e-05	33.53019656160252	72.36006856937983	0.09417526946533215	5.135379746317832	40.22842478486038	46.27278602739217	15.911116939658548	87.0331380218887	47.21308634265164
14.117009187926627	0.4056179470359698	31.906075673976733	44.79223573790007	1e-05	38.96786359812063	71.95721471048104	0.45489311514901043	5.706808320594441	46.05720288446626	48.476761630449516	18.491420810475425	85.04677931435512	48.03508046980876
14.026166982207707	0.10378253536185127	31.560329299943067	45.61265893153767	0.00022756319134762935	39.12713236884916	72.4755684678742	0.37862099638359176	5.534820014784195	46.07618475466279	48.53877003234257	18.27962628084734	84.75210617325274	46.091238071936104
14.199902741038763	0.00010056764602378071	31.44234276642218	44.73768103619003	0.34118283793183074	38.65296058484005	72.16816990120186	0.06684263245098525	5.5117882256815935	46.23744803318363	48.59392281405882	18.76396445719067	84.93081439620676	52.11542620555997
13.824352305962995	0.4307184175244929	30.170469915791465	43.945574411447076	0.009444002177667886	37.198771116381465	73.04393655492545	0.2888939311382295	4.867928828790791	45.43768420032595	48.536524249123616	17.513331313473905	84.63754161290802	46.64700193912999
13.438214051380264	0.24184045232992143	30.175067072614645	43.89223256946475	1e-05	37.576774665450436	73.05095569911659	0.41620299237578173	4.697049936382991	45.32112754441054	48.402998718347	17.52566689944917	84.67998777160548	49.5121332430237
14.0685110363893	0.05859203064813945	30.246916592137946	44.32165811193916	0.2546802938100115	37.28490234008115	72.9395735130513	0.6064573444525887	5.247118026584492	45.65904595660359	48.47707809886446	17.745531702336883	84.48355221473595	64.66686710984612
14.06741422638139	0.19290586646358873	30.555393074789457	44.29388796880782	0.3513461889136757	36.93218390083034	73.07738531922654	0.12706235218948939	4.850614176041845	45.537990286531134	48.16213884158242	17.86877309252401	84.82938191112372	48.48120514787194
13.927471391713285	0.49984759936187656	30.10512875913621	43.728849569048016	1e-05	37.47865881635723	73.42305448479391	0.020783580986178496	4.824798932188879	45.833726048819926	48.82496961171836	17.358859184609692	85.00340285426824	56.21865770482099
13.691917682874232	0.5728725664045731	29.91882889675264	44.27656019728355	0.15456581669854802	37.35136877921599	72.76506733758917	0.18186091134979154	4.482857854696343	45.79213518841526	48.150462219786064	17.797934653995487	84.66868620341053	47.95284604282884
13.769924700797858	0.39619867793116376	29.961206830115056	44.15539092622769	1e-05	37.48806556781633	72.96365009593568	0.49111978533102135	4.537573556333846	45.787927209254036	48.487429017497945	17.151848180448024	84.69502905207315	51.930496816855054
13.650066887193843	0.5075706391623906	30.38758790402638	43.8114856407894	1e-05	36.92102391340467	73.00745662777216	0.23714020831554428	5.088036030628613	45.239539457269885	48.16987716656102	17.1184348295711	84.78714059378234	46.46673761041365
13.334314947070583	0.2219037556290674	30.01705801470929	43.79325594853176	1e-05	36.90384453114948	73.0151925901283	0.22541950074668765	5.2196442605691225	45.29916743374701	47.893527120396385	17.050152738788956	84.97135815068543	46.108445050506674
13.963074025720628	0.8096262455552483	30.15336851365386	44.1772052670949	1e-05	37.18058011148138	72.88036468005474	0.019821947473071116	4.903909898384269	45.55420307675125	47.82335747709853	17.26256071664749	85.08005980799513	56.56569779376214
13.910930844000056	0.6261036750880041	30.040117444006192	43.73845213949092	0.09672530400857639	37.084336752620146	72.64368783803044	0.6408477581687057	4.873474582830811	44.97363434616724	47.77559170029917	17.292563018228776	84.97583986472335	63.468400993207034
14.574413480075913	1.1187827181457806	30.28192992494463	43.3256277852043	0.0510018424329844	37.50544895624714	73.29150799380444	0.4657553533066376	5.366748493896558	44.573062716780576	48.760700778229214	18.08580768632202	84.4315374091988	50.655120776893376
14.035412265968963	0.6658707371790575	30.425660482698717	43.98340180838432	1e-05	36.934894091416425	72.99174918717272	0.5978875867030983	5.461550975224619	45.58593182085112	47.902430240999536	16.994053224314396	84.97683430517039	56.30230743447096
13.77751875783279	0.7920110068187487	30.134846403118292	43.56465941020342	1.0005625076754498e-05	37.18631785246086	72.73110829283242	0.06778805062981748	4.696262438383099	45.3432132076843	48.149876748403365	16.735850594242013	84.69532684722049	50.60116526470669
15.506963635421911	0.7884805328367998	32.34944192534121	42.72001813306944	1e-05	33.077419911987356	72.8649821703191	0.5138139834306635	6.673575062203673	48.54138502637144	46.74463505441559	19.07818617562898	83.44422208239729	49.306700079011286
14.72795481012827	0.19662354932758816	30.953107156308295	43.00957596123618	1e-05	37.10964626024461	72.97674754105932	0.3680985689004425	4.784492818276202	45.37339410984376	48.19032843196019	16.13565509927806	84.60849162039518	47.32555295391015
13.674056749872438	0.29436212799447714	30.448503859323743	43.52818010058973	1e-05	36.6400306533511	72.89035887023583	0.6321526447357836	4.984673633610729	45.17915262823761	48.471632493247455	17.090292662611247	84.6269119972038	59.345585348294804
13.459869350228646	0.572031725897081	30.911742474132573	44.35346154725431	1.0008051789887145e-05	36.42205551979697	72.86527549830778	0.22391681815119174	5.065034199131608	45.36069441006806	47.91234813006458	16.769224148989686	83.80529488604066	46.54338418013268
13.072056965158767	0.30330614151751184	31.071209168408977	44.25554521355185	0.2866854849311072	36.48793482171168	72.57741374097688	0.20975712934099003	5.382068781104312	45.50489043744926	48.26583529735613	17.12373299331512	83.44310054339554	51.03792962038916
15.022607267495413	0.8687109199525083	29.216569116905774	45.634812741467314	0.26530459801803047	37.66006274802654	72.62749936592458	0.30035010649958754	5.31447305871204	45.10140996221345	47.94165344666353	18.286754968571728	85.21263283945218	49.587806117963495
13.87740949340166	0.709534350498049	31.723819051486693	45.31709294153191	1e-05	35.45037552662631	72.89666304021746	0.22871299659112282	6.164477274429662	45.78163451436646	48.37853527431495	16.62846872239381	84.459084226247	46.5632896462883
13.73097293445944	1.1002540208996003	31.816224665620854	45.67381042188241	0.2638435342849245	35.273783197633804	72.62068901384201	0.01	6.438936895639724	45.943205044546175	48.15924894222788	16.95245238283804	84.52953748909083	51.0506627736811
14.159357358667279	0.39852950005278637	31.553450066495103	45.20004785310989	1.000000000001872e-05	35.14726383663906	73.09744123023813	0.25901746015212224	6.02676284288509	46.166948467324104	48.38569486951123	16.890564116007994	84.35811893107243	46.15506113121249
16.783991075576157	0.7368468431755423	29.496934664010762	47.819141920640995	0.09803667229600517	34.23183281048234	72.54765573233436	0.572257690075341	5.496074405005557	44.444415100139835	48.33264152816407	15.630925058562035	85.2410406418419	51.603736725799436
14.544335706638668	0.3664104970792685	31.537760204472296	44.97832089408393	0.15943840774489193	35.39003193715787	73.24380782298364	0.21412893539170352	6.3648758009917294	46.57838735597558	48.6422146709235	16.65581527825066	84.11445246922027	47.20786483235931
100.0	100.0	100.0	1000.0	1.0	1.0	1.0	5.0	50.0	100.0	100.0	100.0	100.0	934.2689267123376
13.837038338822369	0.5015005070413618	31.305949091892774	45.54712478519739	1e-05	34.99299064938985	72.71442885614167	0.01	6.133198420008406	46.11245152369533	48.11552432668667	16.948964131564153	84.19219051487444	55.733268515408795
13.875472818502042	0.585213557319602	31.534894787137553	45.11078200524162	0.25376818022656644	34.800403529076355	72.70671256510623	0.29631990195994834	6.031958415755843	46.484643768797845	48.13154368166826	16.585214029162273	84.71725543519905	52.452940816426675
14.351156053398286	0.03569380872336963	31.805779857837457	45.10726162057078	1e-05	35.24652612172014	72.89417554865672	0.6087209044310339	5.740194470767766	46.452112329646305	48.7284073663927	16.74205810652634	84.20759081094803	54.563679160793725
14.07215850454022	0.5288920184334052	31.316513449040556	44.8615389832375	0.4023614520485337	35.518076619521	73.33856937139423	0.24555366224864061	6.108054984812781	46.376782638558495	48.40671095468664	17.221279137415777	84.48156363782911	51.63862661153374
14.047486864712301	0.44627999944336066	31.5322133164101	45.51915305539527	1e-05	35.47026149747651	72.95564698166254	0.4786105552293887	5.795037862756867	46.03804746800533	48.0669042277059	16.941096414387534	84.48020477839253	50.48687479789439
13.943991191969381	0.5941843464960787	31.805452101301317	45.0316423376743	1.232579186820223e-05	34.940920681464725	72.80548957528895	0.1501915924984955	5.8484736135713735	46.24518011415617	48.18696483632693	16.994000012834523	84.01671526606918	47.93763422533652
14.5161979772823	0.5570399047088301	31.887388503772556	45.5186942106865	0.1865472242689798	34.91155467768268	72.77050598423706	0.03852518441262129	5.964051682096167	46.31261131124301	48.38518680652782	16.53409170002322	84.72279228839443	52.10539987434288
13.429957145110482	0.7795119861052433	36.416878627688014	42.39473994698503	0.09848992978938459	36.49753425811366	72.85210176822821	0.1299771215396553	5.748298832148423	43.16815769169868	45.10211373388062	15.945337523080285	78.80998160867341	47.71019625292227
14.287748646638835	0.20581004466586295	31.48901637065234	45.16184737481738	1e-05	35.25004289310659	72.81577720811994	0.16861244088041405	6.190821628735708	46.06549810684981	48.69963656538504	16.62405175471899	84.02417649851364	47.504290725264596
14.80501099030066	1.4968339919082627	32.33704803103071	45.62272681864642	1e-05	35.325805568295436	72.65775173357201	0.5576234591008236	5.740095820036286	46.30160246064682	48.03944893130771	17.174149504771638	84.0687351799596	51.478615050391994
14.026462744031196	0.6305290461975138	31.703363317767383	45.448617430455755	1e-05	34.81491616454155	72.70424526548841	0.35159784037065006	6.168307403914704	46.19511041247495	48.00364373281085	16.66666934290077	84.61512955939843	47.5896871793809
13.811008038580198	0.5675929281026222	31.481624279383567	45.14731064801857	0.36921423003065046	35.48268055182512	72.94485249123113	0.028582942946547358	6.2229700656117695	46.03391844798513	48.41816288837889	16.863781167268407	84.2394781416396	49.071001533716
14.263655772134342	0.7885576426031269	31.27448875294	45.548349101975774	1e-05	34.746609123951664	73.01895847005993	0.2062154397548605	6.345442741238896	46.488040209483266	48.47987036862637	16.83781822097697	84.71804843694967	47.309450506999525
13.983098091065049	0.7486320949789705	31.5988062331503	45.01009464596514	0.10147240846838071	35.204790458859016	73.08419388758102	0.5097058038519705	5.8187986177670155	45.77839866248296	48.64311332726605	16.705252833773823	84.73189763174656	57.44582862017119
13.971351369412771	0.6810396692362362	31.56959554109207	45.42511977370402	0.35614670091739076	34.78017166651395	73.40355029061564	0.5721855217524296	5.685660648792825	46.37401366637675	48.67287557707909	16.924240962482564	84.51821265838394	72.12147814590253
15.431005789168035	0.5165822717129069	31.791715383832827	44.73244467541535	0.3120778518273103	34.406348789791735	72.67186648214592	0.19124080911629351	5.411259996898296	47.15710680610425	46.32343922432522	17.88206489162962	84.19180780119437	49.58693153582523
13.966153908312327	0.4190255075965539	31.471952676348867	45.244161774649974	1e-05	35.20239460245902	73.230511336035	0.6211268478560885	5.719281450321555	46.086191002343995	47.981453102836845	16.577962633024278	84.59011827680669	58.52670582506073
13.838534672185691	0.5773028587582342	31.24566413976345	44.849385347245814	1.0241221775145622e-05	34.97169646709398	72.74309446440002	0.21244631340427308	5.720326734707914	45.960021072435474	48.722434894736864	16.756669342516687	84.33795622377085	46.50848026438542
